id;name;phone;email;address
1;deploy via;1-927-356-6636 x67486;Coy_Rolfson@gmail.com;digit underplay serialize
2;however gee;411.374.2379 x2629;Randy29@hotmail.com;inasmuch mushy
3;restructuring into mammoth;685-769-7421 x675;Donavon69@gmail.com;chart spotless
4;interweave transfigure out;(778) 798-5754;Mara_Schuster69@gmail.com;envious inasmuch
5;approve twig aw;1-471-522-7184;Heber_Marks@hotmail.com;but extirpate
6;toward;1-699-863-9790 x2615;Werner.Koss@gmail.com;county
7;sightsee;395.336.0447 x336;Zaria_Weissnat@gmail.com;bleakly
8;obediently;1-264-448-0897 x89004;Filomena.Cummings84@hotmail.com;roughly caption twin
9;meanwhile stonework;(483) 901-9305 x82933;Gianni_Stiedemann@gmail.com;per midst
10;at sprint;(877) 665-3888 x49202;Kendra70@gmail.com;under frankly
